{"cameraMode":{"drawMode":0,"name":"Shaded","section":"Shading Mode"},"sceneLighting":false,"audioPlay":false,"sceneViewState":{"showFog":true,"showMaterialUpdate":false,"showSkybox":false,"showFlares":true,"showImageEffects":true,"showParticleSystems":true},"in2DMode":false,"pivot":{"x":2.6600000858306886,"y":1.690000057220459,"z":0.0},"rotation":{"x":-0.010186614468693734,"y":-0.02699955739080906,"z":-0.0002750506391748786,"w":0.9995835423469544},"size":2.8578836917877199,"orthographic":false}